Indicator,Country Name,1990,2000,2012,2015
Cereal yield (kg per hectare),Afghanistan,1200.6,806.3,2029.6,2132.2
Cereal yield (kg per hectare),Albania,2794.4,3175.1,4883.8,4873.8
Cereal yield (kg per hectare),Algeria,687.7,883.3,1677.6,1400.2
Cereal yield (kg per hectare),American Samoa,0,0,0,0
Cereal yield (kg per hectare),Andorra,0,0,0,0
Cereal yield (kg per hectare),Angola,320.9,564.4,552,982.4
Cereal yield (kg per hectare),Antigua and Barbuda,2381,1600,1595.3,1579.6
Cereal yield (kg per hectare),Argentina,2250.8,3461.8,4162.4,4779.1
Cereal yield (kg per hectare),Armenia,0,1383,2650.5,3132.1
Cereal yield (kg per hectare),Aruba,0,0,0,0
Cereal yield (kg per hectare),Australia,1716.1,2107.3,2231.6,2027.3
Cereal yield (kg per hectare),Austria,5577.3,5403.9,6002.9,6198.1
Cereal yield (kg per hectare),Azerbaijan,0,2335.2,2659.7,3083.6
Cereal yield (kg per hectare),"Bahamas, The",1500,2476.2,7340.4,8342.3
Cereal yield (kg per hectare),Bahrain,0,0,0,0
Cereal yield (kg per hectare),Bangladesh,2490.6,3384.4,4395.8,4560.4
Cereal yield (kg per hectare),Barbados,2674.4,2608.7,3200,2695.6
Cereal yield (kg per hectare),Belarus,0,1949.7,3479.1,3690.2
Cereal yield (kg per hectare),Belgium,0,8021.4,8666.3,9842.2
Cereal yield (kg per hectare),Belize,2013.8,2418.3,3451.1,2897.8
Cereal yield (kg per hectare),Benin,847.9,1102.1,1373.2,1336.7
Cereal yield (kg per hectare),Bermuda,0,0,0,0
Cereal yield (kg per hectare),Bhutan,1279.8,1437.9,2944.2,3475.8
Cereal yield (kg per hectare),Bolivia,1360.8,1641.9,2113.2,2280.2
Cereal yield (kg per hectare),Bosnia and Herzegovina,0,2550.2,3000.6,3812.1
Cereal yield (kg per hectare),Botswana,265.5,152.6,367.2,938.4
Cereal yield (kg per hectare),Brazil,1755.1,2643.3,4584.5,5000.6
Cereal yield (kg per hectare),British Virgin Islands,0,0,0,0
Cereal yield (kg per hectare),Brunei Darussalam,1550,650,977.2,2146
Cereal yield (kg per hectare),Bulgaria,3953.7,2459.9,3671.8,4669.6
Cereal yield (kg per hectare),Burkina Faso,600.2,856.4,1203,1168.9
Cereal yield (kg per hectare),Burundi,1348.5,1228.2,1106.9,1204.2
Cereal yield (kg per hectare),Cabo Verde,334.6,794.8,196.2,276.5
Cereal yield (kg per hectare),Cambodia,1362.1,2133.6,3177.8,3378.1
Cereal yield (kg per hectare),Cameroon,1259.3,1763.5,1591.5,1615.3
Cereal yield (kg per hectare),Canada,2636.3,2805.7,3456.3,3673
Cereal yield (kg per hectare),Cayman Islands,0,0,0,0
Cereal yield (kg per hectare),Central African Republic,809.9,993.3,1674.5,884.1
Cereal yield (kg per hectare),Chad,559.2,531.3,934.8,801.9
Cereal yield (kg per hectare),Channel Islands,0,0,0,0
Cereal yield (kg per hectare),Chile,3619.7,4362.1,6229.6,7082.3
Cereal yield (kg per hectare),China,4320.9,4752.6,5825.2,5985.2
Cereal yield (kg per hectare),Colombia,2475.4,3234.2,3702.5,4301.7
Cereal yield (kg per hectare),Comoros,1267,1322.3,1315.6,1351.6
Cereal yield (kg per hectare),"Congo, Dem. Rep.",799.8,786.6,771.6,768.9
Cereal yield (kg per hectare),"Congo, Rep.",624.3,753.9,809.8,833.5
Cereal yield (kg per hectare),Costa Rica,3096.8,3626.2,3621.5,3831.6
Cereal yield (kg per hectare),Cote d'Ivoire,1112.5,1682.3,2079.8,2200.3
Cereal yield (kg per hectare),Croatia,0,4114.8,4573.6,5695
Cereal yield (kg per hectare),Cuba,2342.1,2528.4,2803.2,2964.6
Cereal yield (kg per hectare),Curacao,0,0,0,0
Cereal yield (kg per hectare),Cyprus,1886,931.4,2399.3,2683
Cereal yield (kg per hectare),Czechia,0,3906,4529.5,5880.6
Cereal yield (kg per hectare),Denmark,6117.9,6216,6309.7,6884.7
Cereal yield (kg per hectare),Djibouti,1666.7,1833.3,2000,2007.6
Cereal yield (kg per hectare),Dominica,1363.6,1357.3,1666.7,1604
Cereal yield (kg per hectare),Dominican Republic,3996.2,4159.3,3747.7,5109.8
Cereal yield (kg per hectare),Ecuador,1723.6,2306,3258.8,4322.9
Cereal yield (kg per hectare),"Egypt, Arab Rep.",5702.9,7280.1,7269,7117.3
Cereal yield (kg per hectare),El Salvador,1939.3,2155.3,2782.2,2288.1
Cereal yield (kg per hectare),Equatorial Guinea,0,0,0,0
Cereal yield (kg per hectare),Eritrea,0,377.2,689.4,642.4
Cereal yield (kg per hectare),Estonia,0,2114.7,3412,4381.6
Cereal yield (kg per hectare),Eswatini,1284,1632.7,1337.2,1259.7
Cereal yield (kg per hectare),Ethiopia,1238.1,1116.3,1963.3,2344.9
Cereal yield (kg per hectare),Faroe Islands,0,0,0,0
Cereal yield (kg per hectare),Fiji,2181,2433.7,2423.4,3001
Cereal yield (kg per hectare),Finland,3543.1,3498.7,3533.6,3613.9
Cereal yield (kg per hectare),France,6082.6,7231.5,7254.5,7590.5
Cereal yield (kg per hectare),French Polynesia,0,0,0,0
Cereal yield (kg per hectare),Gabon,1588.2,1630.3,1600.6,1591.7
Cereal yield (kg per hectare),"Gambia, The",1003.9,1295.8,910.3,792.6
Cereal yield (kg per hectare),Georgia,0,1369,2186.4,1959.4
Cereal yield (kg per hectare),Germany,5411.1,6452.9,6964.9,7497.8
Cereal yield (kg per hectare),Ghana,989.2,1309.2,1768.1,1830.3
Cereal yield (kg per hectare),Gibraltar,0,0,0,0
Cereal yield (kg per hectare),Greece,3035.8,3868.8,4206.7,4214.9
Cereal yield (kg per hectare),Greenland,0,0,0,0
Cereal yield (kg per hectare),Grenada,992.3,1002.8,1028.6,1002.1
Cereal yield (kg per hectare),Guam,0,0,0,0
Cereal yield (kg per hectare),Guatemala,1997.6,1776.4,2036.7,2115.7
Cereal yield (kg per hectare),Guinea,1455.1,1492.1,1152.2,1122.4
Cereal yield (kg per hectare),Guinea-Bissau,1530.7,1097,1504.3,1392.5
Cereal yield (kg per hectare),Guyana,2980.4,3799.2,4465.4,3567.3
Cereal yield (kg per hectare),Haiti,1026.7,931.8,1077,978.1
Cereal yield (kg per hectare),Honduras,1468.5,1368.1,1646.9,1821.3
Cereal yield (kg per hectare),"Hong Kong SAR, China",2000,1923.3,2000.4,2079.4
Cereal yield (kg per hectare),Hungary,4520.8,3632.7,3761.1,5243.4
Cereal yield (kg per hectare),Iceland,0,0,0,3186.8
Cereal yield (kg per hectare),India,1891.2,2294.2,2963.5,2856.4
Cereal yield (kg per hectare),Indonesia,3800.2,4026.4,5086.8,5313.8
Cereal yield (kg per hectare),"Iran, Islamic Rep.",1445.3,1835.1,1745.4,2231
Cereal yield (kg per hectare),Iraq,1061,363.2,2318.9,2693.5
Cereal yield (kg per hectare),Ireland,6577.4,7795.7,6741.2,9008.2
Cereal yield (kg per hectare),Isle of Man,0,0,0,0
Cereal yield (kg per hectare),Israel,3486,2443.3,4299.5,4978.9
Cereal yield (kg per hectare),Italy,3944.9,4993.9,5315.1,5402.2
Cereal yield (kg per hectare),Jamaica,1115.7,1146.8,1282.8,1143.1
Cereal yield (kg per hectare),Japan,5846.3,6256.6,6248.5,6316.7
Cereal yield (kg per hectare),Jordan,1220,1205.8,1323.1,1115.3
Cereal yield (kg per hectare),Kazakhstan,0,942.5,865,1278.1
Cereal yield (kg per hectare),Kenya,1561.8,1375,1744.8,1772.7
Cereal yield (kg per hectare),Kiribati,0,0,0,0
Cereal yield (kg per hectare),"Korea, Dem. People's Rep.",3923.4,2375.4,3922.4,3654
Cereal yield (kg per hectare),"Korea, Rep.",5853,6379.5,6135.8,6814.9
Cereal yield (kg per hectare),Kosovo,0,0,0,0
Cereal yield (kg per hectare),Kuwait,3652.7,5611.2,13782.5,6542.5
Cereal yield (kg per hectare),Kyrgyz Republic,0,2669.3,2367.1,2999
Cereal yield (kg per hectare),Lao PDR,2268,3017.7,4081.7,4608.2
Cereal yield (kg per hectare),Latvia,0,2199,3767.5,4513.1
Cereal yield (kg per hectare),Lebanon,1878.3,2414.9,2889.3,3268.6
Cereal yield (kg per hectare),Lesotho,1036.9,718.8,653.5,658.3
Cereal yield (kg per hectare),Liberia,1028.6,1278,1285.3,1129.1
Cereal yield (kg per hectare),Libya,674.5,637.7,679.3,665.3
Cereal yield (kg per hectare),Liechtenstein,0,0,0,0
Cereal yield (kg per hectare),Lithuania,0,2707.5,4015.3,4564.6
Cereal yield (kg per hectare),Luxembourg,0,5328.8,5522.7,6027.1
Cereal yield (kg per hectare),"Macao SAR, China",0,0,0,0
Cereal yield (kg per hectare),Madagascar,1945.3,1890.9,3289.2,3057.8
Cereal yield (kg per hectare),Malawi,991.5,1675.5,2087.1,1590.6
Cereal yield (kg per hectare),Malaysia,2740.3,3039.5,3866.7,4054.2
Cereal yield (kg per hectare),Maldives,1000,1476.6,2494.2,2280.1
Cereal yield (kg per hectare),Mali,726.4,1006.5,1506.8,1575.5
Cereal yield (kg per hectare),Malta,3743.1,4007.5,4639.7,4824.3
Cereal yield (kg per hectare),Marshall Islands,0,0,0,0
Cereal yield (kg per hectare),Mauritania,869.8,864.4,1034.4,1265.9
Cereal yield (kg per hectare),Mauritius,4190.8,8900,3389.6,2695.9
Cereal yield (kg per hectare),Mexico,2424.4,2760.9,3453.4,3470.1
Cereal yield (kg per hectare),"Micronesia, Fed. Sts.",0,1230.8,1674.3,1678.1
Cereal yield (kg per hectare),Moldova,0,2032.8,2344.2,2370.9
Cereal yield (kg per hectare),Monaco,0,0,0,0
Cereal yield (kg per hectare),Mongolia,1098.2,770.1,1565.3,574.7
Cereal yield (kg per hectare),Montenegro,0,0,2638.8,3146.5
Cereal yield (kg per hectare),Morocco,1120,366.8,1016.6,2140.7
Cereal yield (kg per hectare),Mozambique,476.7,868.1,1191.6,733.1
Cereal yield (kg per hectare),Myanmar,2762.5,3053.6,3557.6,3657.2
Cereal yield (kg per hectare),Namibia,457.1,391.2,431.1,370.7
Cereal yield (kg per hectare),Nauru,0,0,0,0
Cereal yield (kg per hectare),Nepal,1920.1,2136.3,2714.2,2743.9
Cereal yield (kg per hectare),Netherlands,6990.1,7905.5,8545,8752.8
Cereal yield (kg per hectare),New Caledonia,1865.1,3995.8,4610.9,4540
Cereal yield (kg per hectare),New Zealand,5034,6316.5,8012,8026.6
Cereal yield (kg per hectare),Nicaragua,1524.5,1687.7,1944.2,1940.4
Cereal yield (kg per hectare),Niger,310.3,289.2,520.3,551.3
Cereal yield (kg per hectare),Nigeria,1147.9,1171.5,1399,1552.7
Cereal yield (kg per hectare),North Macedonia,0,2565,2839.3,3051.1
Cereal yield (kg per hectare),Northern Mariana Islands,0,0,0,0
Cereal yield (kg per hectare),Norway,4399.3,3930.9,3686.8,4803
Cereal yield (kg per hectare),Oman,2159.7,5154.3,9480.7,13982.3
Cereal yield (kg per hectare),Pakistan,1766.4,2404.5,2862.6,2942.4
Cereal yield (kg per hectare),Palau,0,0,0,0
Cereal yield (kg per hectare),Panama,1866.7,2237,2539.8,2437.5
Cereal yield (kg per hectare),Papua New Guinea,2602.7,4024.2,4191,4748.4
Cereal yield (kg per hectare),Paraguay,1979.3,1980.3,3035.7,4148.9
Cereal yield (kg per hectare),Peru,2603.1,3084.1,4149.6,4242.2
Cereal yield (kg per hectare),Philippines,2099.5,2580.8,3492.6,3556.1
Cereal yield (kg per hectare),Poland,3283.8,2534.8,3704.9,3727.8
Cereal yield (kg per hectare),Portugal,1877.7,2793.5,4091.6,4606.9
Cereal yield (kg per hectare),Puerto Rico,1080,1730.8,2788.3,3010.5
Cereal yield (kg per hectare),Qatar,2897.4,4099.4,6076.4,5845.8
Cereal yield (kg per hectare),Romania,3010.8,1927.8,2364.1,3543.9
Cereal yield (kg per hectare),Russian Federation,0,1561.4,1858.9,2391.7
Cereal yield (kg per hectare),Rwanda,1042.6,848.3,2155.5,1445.8
Cereal yield (kg per hectare),Samoa,0,0,0,0
Cereal yield (kg per hectare),San Marino,0,0,0,0
Cereal yield (kg per hectare),Sao Tome and Principe,1928.6,2230,2099,2033.2
Cereal yield (kg per hectare),Saudi Arabia,4244.8,3516.4,5164.2,5582.8
Cereal yield (kg per hectare),Senegal,795,879.4,1221.3,1376.1
Cereal yield (kg per hectare),Serbia,0,0,3701.7,4787.3
Cereal yield (kg per hectare),Seychelles,0,0,0,0
Cereal yield (kg per hectare),Sierra Leone,1201.7,1078.2,1539,1339.7
Cereal yield (kg per hectare),Singapore,0,0,0,0
Cereal yield (kg per hectare),Sint Maarten (Dutch part),0,0,0,0
Cereal yield (kg per hectare),Slovak Republic,0,2709.9,3829.1,5079.6
Cereal yield (kg per hectare),Slovenia,0,4803.1,5761.9,6283.9
Cereal yield (kg per hectare),Solomon Islands,3571.4,4649.5,2151.7,1879.7
Cereal yield (kg per hectare),Somalia,793.1,733,1190,593.8
Cereal yield (kg per hectare),South Africa,1877.3,2765.9,4243.5,3348.4
Cereal yield (kg per hectare),South Sudan,0,0,705.2,907.3
Cereal yield (kg per hectare),Spain,2484.5,3603.3,2842.5,3243.1
Cereal yield (kg per hectare),Sri Lanka,2965,3338.2,3582.9,3849.3
Cereal yield (kg per hectare),St. Kitts and Nevis,0,0,0,0
Cereal yield (kg per hectare),St. Lucia,0,0,0,0
Cereal yield (kg per hectare),St. Martin (French part),0,0,0,0
Cereal yield (kg per hectare),St. Vincent and the Grenadines,3566.8,15000,25878.8,24218.8
Cereal yield (kg per hectare),Sudan,463,505.2,537.3,569.9
Cereal yield (kg per hectare),Suriname,3765.1,3896,4361.9,4529.6
Cereal yield (kg per hectare),Sweden,4963.7,4560.3,5101.8,6053.6
Cereal yield (kg per hectare),Switzerland,5983.9,6402.2,6464.3,6431.9
Cereal yield (kg per hectare),Syrian Arab Republic,750,1148.6,1643.5,1905.8
Cereal yield (kg per hectare),Tajikistan,0,1310.7,2891.1,3261
Cereal yield (kg per hectare),Tanzania,1506.5,1440.7,1314.8,1449.4
Cereal yield (kg per hectare),Thailand,2009.2,2719,3256.6,2958.7
Cereal yield (kg per hectare),Timor-Leste,1608.1,1936.8,2089.9,2595.7
Cereal yield (kg per hectare),Togo,746.8,1058.3,1112.4,1236.2
Cereal yield (kg per hectare),Tonga,0,0,0,0
Cereal yield (kg per hectare),Trinidad and Tobago,3326.1,2277.3,1471.7,1110.4
Cereal yield (kg per hectare),Tunisia,1144.6,984.5,1674.3,1102.7
Cereal yield (kg per hectare),Turkiye,2214.2,2370.6,2958.3,3307.8
Cereal yield (kg per hectare),Turkmenistan,0,2122.4,1272.4,1208.6
Cereal yield (kg per hectare),Turks and Caicos Islands,0,0,0,0
Cereal yield (kg per hectare),Tuvalu,0,0,0,0
Cereal yield (kg per hectare),Uganda,1497.6,1539.4,2029.1,2086.8
Cereal yield (kg per hectare),Ukraine,0,1950.8,3156.8,4140.9
Cereal yield (kg per hectare),United Arab Emirates,2216.5,17504.7,12112.2,35291.3
Cereal yield (kg per hectare),United Kingdom,6170.9,7164.8,6215.1,7980.9
Cereal yield (kg per hectare),United States,4755.1,5854.3,5911.9,7430.1
Cereal yield (kg per hectare),Uruguay,2182.3,3892,4070.5,4142.9
Cereal yield (kg per hectare),Uzbekistan,0,2684.3,4597.9,4835.2
Cereal yield (kg per hectare),Vanuatu,510.9,514.8,571.4,600.8
Cereal yield (kg per hectare),"Venezuela, RB",2486.1,3247.9,3760.2,3505.7
Cereal yield (kg per hectare),Viet Nam,3072.9,4112.4,5462,5601.2
Cereal yield (kg per hectare),Virgin Islands (U.S.),0,0,0,0
Cereal yield (kg per hectare),West Bank and Gaza,0,2184.6,1955.8,2110.5
Cereal yield (kg per hectare),"Yemen, Rep.",907.7,1085,1064.4,784.2
Cereal yield (kg per hectare),Zambia,1351.9,1682.3,2708.8,3026.4
Cereal yield (kg per hectare),Zimbabwe,1625.4,1159.5,695.7,557.5
Cereal yield (kg per hectare),Arab World,1418.081917,1438.392724,2032.094334,2164.854822
Forest area (% of land area),Afghanistan,1.852781994,1.852781994,1.852781994,1.852781994
Forest area (% of land area),Albania,28.78832117,28.07664234,28.64660584,28.8024635
Forest area (% of land area),Algeria,0.69990847,0.662960693,0.811675498,0.821247986
Forest area (% of land area),American Samoa,90.35,88.65,86.85,86.4
Forest area (% of land area),Andorra,34.04255319,34.04255319,34.04255319,34.04255319
Forest area (% of land area),Angola,63.57807011,62.33144301,56.9887511,55.65307612
Forest area (% of land area),Antigua and Barbuda,22.97727273,21.47727273,19.65454545,19.20454545
Forest area (% of land area),Argentina,12.86371493,12.19648554,10.87708144,10.63218706
Forest area (% of land area),Armenia,0,11.68387777,11.59620653,11.57428872
Forest area (% of land area),Aruba,2.333333333,2.333333333,2.333333333,2.333333333
Forest area (% of land area),Australia,17.42735899,17.15815576,17.04768884,17.3248246
Forest area (% of land area),Austria,45.75460494,46.51163354,46.9025206,47.03332525
Forest area (% of land area),Azerbaijan,0,11.95109255,12.71082654,13.03953401
Forest area (% of land area),"Bahamas, The",50.93506494,50.93506494,50.93506494,50.93506494
Forest area (% of land area),Bahrain,0.31884058,0.521126761,0.716883117,0.771208226
Forest area (% of land area),Bangladesh,14.75247753,14.75246293,14.49155105,14.46877161
Forest area (% of land area),Barbados,14.65116279,14.65116279,14.65116279,14.65116279
Forest area (% of land area),Belarus,0,40.78423253,42.54037723,42.53416626
Forest area (% of land area),Belgium,0,22.03764861,22.77549538,22.76420079
Forest area (% of land area),Belize,70.1459886,63.97632617,59.97220517,58.43182815
Forest area (% of land area),Benin,42.88001064,36.67213551,31.35109968,30.02084072
Forest area (% of land area),Bermuda,18.51851852,18.51851852,18.51851852,18.51851852
Forest area (% of land area),Bhutan,53.65066455,65.47738693,71.0771047,71.23278327
Forest area (% of land area),Bolivia,53.35984492,50.8643866,48.61302871,48.0266039
Forest area (% of land area),Bosnia and Herzegovina,0,41.24316406,41.51945313,42.19726563
Forest area (% of land area),Botswana,33.17929173,31.09187797,28.58698146,27.96075733
Forest area (% of land area),Brazil,70.45802056,65.9343586,60.83917474,60.28671451
Forest area (% of land area),British Virgin Islands,24.73333333,24.46666667,24.21333333,24.13333333
Forest area (% of land area),Brunei Darussalam,78.36812144,75.33206831,72.10626186,72.10626186
Forest area (% of land area),Bulgaria,30.07321703,30.50709572,34.7770818,35.30766396
Forest area (% of land area),Burkina Faso,28.20394737,26.37609649,24.18296784,23.63450292
Forest area (% of land area),Burundi,10.76635514,7.552180685,8.887071651,10.8894081
Forest area (% of land area),Cabo Verde,3.816377171,9.856079404,10.74937965,10.97270471
Forest area (% of land area),Cambodia,62.34302062,61.07523227,56.04048266,50.11794697
Forest area (% of land area),Cameroon,47.597893,45.68866747,43.97723763,43.62184003
Forest area (% of land area),Canada,38.84551156,38.79298183,38.73025757,38.71643807
Forest area (% of land area),Cayman Islands,54.70833333,53.875,53,53
Forest area (% of land area),Central African Republic,37.24517641,36.76362002,36.18575235,36.04128543
Forest area (% of land area),Chad,5.344663278,5.045266836,4.188373571,3.883418043
Forest area (% of land area),Channel Islands,4.191919192,4.191919192,5.151515152,5.151515152
Forest area (% of land area),Chile,20.50490093,21.27287057,22.96281532,23.66553154
Forest area (% of land area),China,16.73800655,18.85347276,21.78092589,22.39982144
Forest area (% of land area),Colombia,58.54721947,56.54393871,54.56380171,54.19978369
Forest area (% of land area),Comoros,24.75013434,22.39656099,19.57227297,18.86620097
Forest area (% of land area),"Congo, Dem. Rep.",66.44273395,63.47411835,59.53386471,58.07640767
Forest area (% of land area),"Congo, Rep.",65.34407028,64.99267936,64.57101025,64.46559297
Forest area (% of land area),Costa Rica,56.9408539,55.95808852,56.8729338,57.83450842
Forest area (% of land area),Cote d'Ivoire,24.68823899,16.02028302,11.76040252,10.69544025
Forest area (% of land area),Croatia,0,33.71369295,34.32206418,34.34350654
Forest area (% of land area),Cuba,19.16201117,22.67225326,28.43720991,30.58597502
Forest area (% of land area),Curacao,0,0,0.157657658,0.157657658
Forest area (% of land area),Cyprus,17.43614719,18.57251082,18.7,18.69155844
Forest area (% of land area),Czechia,0,34.13083991,34.46567396,34.5601606
Forest area (% of land area),Denmark,13.286,14.29,15.04415,15.617
Forest area (% of land area),Djibouti,0.241587575,0.241587575,0.241587575,0.241587575
Forest area (% of land area),Dominica,67.08,63.82666667,63.82666667,63.82666667
Forest area (% of land area),Dominican Republic,33.01366177,40.8294349,43.16563858,43.54481474
Forest area (% of land area),Ecuador,52.85439243,55.28466742,52.12025286,51.61531648
Forest area (% of land area),"Egypt, Arab Rep.",0.044010247,0.059480637,0.059020543,0.048641318
Forest area (% of land area),El Salvador,34.69498069,32.52316602,29.91698842,29.26544402
Forest area (% of land area),Equatorial Guinea,96.22638146,93.24705882,89.67180036,88.77789661
Forest area (% of land area),Eritrea,0,11.07386139,8.924026107,8.845245978
Forest area (% of land area),Estonia,0,52.81646615,55.90979004,55.69381182
Forest area (% of land area),Eswatini,26.81046512,27.51627907,28.36383721,28.5755814
Forest area (% of land area),Ethiopia,18.5363851,18.5285,15.64130888,15.44784411
Forest area (% of land area),Faroe Islands,0.05730659,0.05730659,0.05730659,0.05730659
Forest area (% of land area),Fiji,51.43349754,55.08866995,59.47411056,60.57033388
Forest area (% of land area),Finland,71.81893693,73.69132276,73.41077364,73.73564542
Forest area (% of land area),France,26.36394517,27.91987099,30.29054509,30.74748382
Forest area (% of land area),French Polynesia,39.46174863,42.79746471,43.05963699,43.05963699
Forest area (% of land area),Gabon,92.21725463,91.97811154,91.68954865,91.55120891
Forest area (% of land area),"Gambia, The",40.9743083,35.30928854,28.51146245,26.81225296
Forest area (% of land area),Georgia,0,39.72657936,40.61591596,40.61591596
Forest area (% of land area),Germany,32.36616733,32.53761284,32.74516555,32.73232815
Forest area (% of land area),Ghana,43.61545223,38.88815153,34.79798717,34.63320735
Forest area (% of land area),Gibraltar,0,0,0,0
Forest area (% of land area),Greece,25.59,27.93040807,30.27,30.27
Forest area (% of land area),Greenland,0.00064384,0.000535997,0.000535997,0.000535997
Forest area (% of land area),Grenada,52.05882353,52.05882353,52.05882353,52.05882353
Forest area (% of land area),Guam,44.44444444,44.44444444,45.18518519,46.2962963
Forest area (% of land area),Guatemala,44.61739455,39.27958193,34.22807018,33.46211273
Forest area (% of land area),Guinea,29.61093928,28.19876282,26.44066417,26.00113951
Forest area (% of land area),Guinea-Bissau,79.42140825,76.41820768,72.81443812,71.91358464
Forest area (% of land area),Guyana,94.499111,94.30642621,93.96205232,93.78389637
Forest area (% of land area),Haiti,13.89404935,13.8116836,13.50391872,13.16582003
Forest area (% of land area),Honduras,62.45222987,60.57976584,58.36816516,57.76950576
Forest area (% of land area),"Hong Kong SAR, China",0,0,0,0
Forest area (% of land area),Hungary,20.18359853,21.43684445,22.66830885,22.58185404
Forest area (% of land area),Iceland,0.170274314,0.29755611,0.459511222,0.480399002
Forest area (% of land area),India,21.50484833,22.733495,23.55342242,23.82222461
Forest area (% of land area),Indonesia,65.43771425,53.94352867,52.09357668,50.61354905
Forest area (% of land area),"Iran, Islamic Rep.",5.572374076,5.72561949,6.564490778,6.564490778
Forest area (% of land area),Iraq,1.838260512,1.870270023,1.89952109,1.900361184
Forest area (% of land area),Ireland,6.701117724,9.150239512,10.65606039,10.95471041
Forest area (% of land area),Isle of Man,6.070175439,6.070175439,6.070175439,6.070175439
Forest area (% of land area),Israel,6.099815157,7.070240296,7.319778189,7.624768946
Forest area (% of land area),Italy,25.80582095,28.30145612,30.89313468,31.43900608
Forest area (% of land area),Jamaica,48.13296399,48.10710988,52.26722068,53.32040628
Forest area (% of land area),Japan,68.43115743,68.24691358,68.4696845,68.43347051
Forest area (% of land area),Jordan,1.10494107,1.10494107,1.09822032,1.09822032
Forest area (% of land area),Kazakhstan,0,1.169361707,1.175201022,1.225490314
Forest area (% of land area),Kenya,6.779597287,6.959957128,6.28802755,6.189004463
Forest area (% of land area),Kiribati,1.456790123,1.456790123,1.456790123,1.456790123
Forest area (% of land area),"Korea, Dem. People's Rep.",57.40411926,53.60592974,51.49015862,50.96121585
Forest area (% of land area),"Korea, Rep.",67.91416131,67.13663695,65.43006885,65.03155626
Forest area (% of land area),Kosovo,0,0,0,0
Forest area (% of land area),Kuwait,0.193602694,0.272166105,0.350729517,0.350729517
Forest area (% of land area),Kyrgyz Republic,0,6.156934307,6.457413973,6.526642336
Forest area (% of land area),Lao PDR,77.30935875,75.4982669,73.10008666,72.65164645
Forest area (% of land area),Latvia,0,52.08350073,54.31481511,54.50110081
Forest area (% of land area),Lebanon,13.65591398,13.50733138,13.5427175,13.71749756
Forest area (% of land area),Lesotho,1.137022398,1.137022398,1.137022398,1.137022398
Forest area (% of land area),Liberia,88.5095515,85.3679402,81.59800664,80.65552326
Forest area (% of land area),Libya,0.123327688,0.123327688,0.123327688,0.123327688
Forest area (% of land area),Liechtenstein,40.625,41.875,41.871875,41.875
Forest area (% of land area),Lithuania,0,32.22718571,34.73210582,34.90822027
Forest area (% of land area),Luxembourg,0,33.67696527,34.45382721,34.45382721
Forest area (% of land area),"Macao SAR, China",0,0,0,0
Forest area (% of land area),Madagascar,23.54687554,22.40717749,21.54632474,21.47798212
Forest area (% of land area),Malawi,37.14149342,32.68667798,27.34089945,26.00445482
Forest area (% of land area),Malaysia,62.75604931,59.9341044,58.29943083,59.2427941
Forest area (% of land area),Maldives,2.733333333,2.733333333,2.733333333,2.733333333
Forest area (% of land area),Mali,10.89666363,10.89666363,10.89666363,10.89666363
Forest area (% of land area),Malta,1.09375,1.09375,1.09375,1.09375
Forest area (% of land area),Marshall Islands,0,52.22222222,52.22222222,52.22222222
Forest area (% of land area),Mauritania,0.461860871,0.409081207,0.34574561,0.32991171
Forest area (% of land area),Mauritius,20.23152709,20.65517241,19.20580871,19.17876815
Forest area (% of land area),Mexico,36.31351115,35.17649631,34.3107333,34.12171609
Forest area (% of land area),"Micronesia, Fed. Sts.",0,91.22857143,91.69428571,91.81428571
Forest area (% of land area),Moldova,0,10.47445255,11.54169203,11.75182482
Forest area (% of land area),Monaco,0,0,0,0
Forest area (% of land area),Mongolia,9.274680548,9.217747761,9.10685778,9.104691498
Forest area (% of land area),Montenegro,0,0,61.48698885,61.48698885
Forest area (% of land area),Morocco,12.29058929,12.338203,12.72376877,12.73737396
Forest area (% of land area),Mozambique,55.16162669,52.37671355,49.03390727,48.24639487
Forest area (% of land area),Myanmar,60.00930318,53.35267925,47.25036515,45.92460342
Forest area (% of land area),Namibia,10.65137436,9.788876338,8.753870447,8.495123225
Forest area (% of land area),Nauru,0,0,0,0
Forest area (% of land area),Nepal,39.66433566,40.32619463,41.59072201,41.59072201
Forest area (% of land area),Netherlands,10.22896919,10.64869668,10.97330961,10.83546184
Forest area (% of land area),New Caledonia,45.4666302,45.83424508,45.88730853,45.87089716
Forest area (% of land area),New Zealand,35.59405264,37.41004899,37.39894421,37.3955034
Forest area (% of land area),Nicaragua,53.1769985,44.86720957,33.86988532,32.47074954
Forest area (% of land area),Niger,1.535485908,1.048472409,0.930812347,0.901397332
Forest area (% of land area),Nigeria,29.1249053,27.33186205,25.18019698,24.64228071
Forest area (% of land area),North Macedonia,0,37.65434526,38.62085646,39.42902458
Forest area (% of land area),Northern Mariana Islands,0,69.47826087,65.19130435,64.10869565
Forest area (% of land area),Norway,33.21615139,33.16413138,33.1767257,33.24564399
Forest area (% of land area),Oman,0.009693053,0.009693053,0.009693053,0.009693053
Forest area (% of land area),Pakistan,6.468957555,5.852091117,5.226855023,5.101442507
Forest area (% of land area),Palau,0,86.04347826,88.54782609,89.10869565
Forest area (% of land area),Panama,61.97740113,59.75437181,57.91172989,57.62155963
Forest area (% of land area),Papua New Guinea,80.37733516,80.10856843,79.7533443,79.54869253
Forest area (% of land area),Paraguay,64.298666,57.86974578,47.17267053,44.0446514
Forest area (% of land area),Peru,59.72542188,58.82642969,57.58413438,57.18322656
Forest area (% of land area),Philippines,26.08850656,24.51373378,23.17299527,23.52399638
Forest area (% of land area),Poland,28.9986614,29.5765451,30.58389393,30.76521114
Forest area (% of land area),Portugal,37.14754098,35.8579235,35.76809695,36.15499489
Forest area (% of land area),Puerto Rico,36.11386697,48.38218715,55.51544532,55.67981962
Forest area (% of land area),Qatar,0,0,0,0
Forest area (% of land area),Romania,27.77850447,27.7132036,28.99480045,29.99374131
Forest area (% of land area),Russian Federation,0,49.40184991,49.76857873,49.76106301
Forest area (% of land area),Rwanda,12.84961492,11.63356303,10.82286178,10.94446696
Forest area (% of land area),Samoa,62.23674912,60.5335689,58.48833922,57.97526502
Forest area (% of land area),San Marino,16.66666667,16.66666667,16.66666667,16.66666667
Forest area (% of land area),Sao Tome and Principe,61.0625,60.79166667,59.22916667,57.29166667
Forest area (% of land area),Saudi Arabia,0.454484135,0.454484135,0.454484135,0.454484135
Forest area (% of land area),Senegal,48.32057342,45.98327533,43.56806731,42.94478783
Forest area (% of land area),Serbia,0,0,31.04975989,31.09455751
Forest area (% of land area),Seychelles,73.26086957,73.26086957,73.26086957,73.26086957
Forest area (% of land area),Sierra Leone,43.31809365,40.58506511,37.30545858,36.48559158
Forest area (% of land area),Singapore,22.12970149,25.39328358,24.40906516,23.23187588
Forest area (% of land area),Sint Maarten (Dutch part),0,0,10.88235294,10.88235294
Forest area (% of land area),Slovak Republic,0,39.53035343,39.91528032,39.96817936
Forest area (% of land area),Slovenia,0,61.22144985,61.91892066,61.95823776
Forest area (% of land area),Solomon Islands,90.92211504,90.66095034,90.34712397,90.26866738
Forest area (% of land area),Somalia,13.20256958,11.97915006,10.51104664,10.14402079
Forest area (% of land area),South Africa,14.95527125,14.65521107,14.29513886,14.20512081
Forest area (% of land area),South Sudan,0,0,11.32562151,11.32562151
Forest area (% of land area),Spain,27.84050136,34.25637275,37.07977849,37.12753247
Forest area (% of land area),Sri Lanka,37.47934939,34.54664328,33.70594801,34.39516585
Forest area (% of land area),St. Kitts and Nevis,42.30769231,42.30769231,42.30769231,42.30769231
Forest area (% of land area),St. Lucia,34.86885246,34.44262295,34.04918033,34.04918033
Forest area (% of land area),St. Martin (French part),0,0,24.8,24.8
Forest area (% of land area),St. Vincent and the Grenadines,70.61538462,73.17948718,73.17948718,73.17948718
Forest area (% of land area),Sudan,12.93236953,12.19829966,10.56352998,10.28368844
Forest area (% of land area),Suriname,98.57455128,98.33891026,97.95246154,97.76711538
Forest area (% of land area),Sweden,68.89335854,69.13885389,68.82658381,68.69449814
Forest area (% of land area),Switzerland,29.18090822,30.26497017,31.42324155,31.68571785
Forest area (% of land area),Syrian Arab Republic,2.024594624,2.351071934,2.745085226,2.843108425
Forest area (% of land area),Tajikistan,0,2.929408402,2.963132324,3.039123856
Forest area (% of land area),Tanzania,64.78890269,60.5893091,55.54979228,54.28990743
Forest area (% of land area),Thailand,37.8966118,37.18608702,39.28086281,39.26676975
Forest area (% of land area),Timor-Leste,64.76798924,63.8264963,62.69670477,62.41425689
Forest area (% of land area),Togo,25.03511675,23.32164001,22.6686891,22.50542379
Forest area (% of land area),Tonga,12.43055556,12.43055556,12.43055556,12.43055556
Forest area (% of land area),Trinidad and Tobago,47.18518519,46.13060429,45.13879142,44.89083821
Forest area (% of land area),Tunisia,4.145062436,4.298725541,4.444451596,4.473995881
Forest area (% of land area),Turkiye,25.70518301,26.17926796,27.67819342,28.10480361
Forest area (% of land area),Turkmenistan,0,8.782159045,8.782159045,8.782159045
Forest area (% of land area),Turks and Caicos Islands,11.07368421,11.07368421,11.07368421,11.07368421
Forest area (% of land area),Tuvalu,33.33333333,33.33333333,33.33333333,33.33333333
Forest area (% of land area),Uganda,17.89434963,15.8297883,13.30498703,12.68781169
Forest area (% of land area),Ukraine,0,16.41494779,16.55665263,16.67040688
Forest area (% of land area),United Arab Emirates,3.44973247,4.356941707,4.467755562,4.467755562
Forest area (% of land area),United Kingdom,11.48266027,12.21014343,12.80287687,13.04096226
Forest area (% of land area),United States,33.02230821,33.13017359,33.80953318,33.89972254
Forest area (% of land area),Uruguay,4.559478917,7.821963204,10.32327734,10.97017484
Forest area (% of land area),Uzbekistan,0,6.792887044,7.869481413,8.055832955
Forest area (% of land area),Vanuatu,36.28383921,36.28383921,36.28383921,36.28383921
Forest area (% of land area),"Venezuela, RB",58.98305085,55.72359844,53.48472309,52.92557111
Forest area (% of land area),Viet Nam,28.80567759,37.88368803,43.57082471,44.87116404
Forest area (% of land area),Virgin Islands (U.S.),70.11428571,58.48571429,53.49142857,54.74285714
Forest area (% of land area),West Bank and Gaza,1.508305648,1.508305648,1.665448505,1.684385382
Forest area (% of land area),"Yemen, Rep.",1.039831809,1.039831809,1.039831809,1.039831809
Forest area (% of land area),Zambia,63.77809763,63.29652,62.30866705,61.54925409
Forest area (% of land area),Zimbabwe,48.66661497,47.4757141,46.04663306,45.6893628
Forest area (% of land area),Arab World,3.731767184,3.55107189,2.956405437,2.900938039
Rural land area where elevation is below 5 meters (sq. km),Afghanistan,0,0,0,0
Rural land area where elevation is below 5 meters (sq. km),Albania,1005.561655,997.5052193,0,991.3383374
Rural land area where elevation is below 5 meters (sq. km),Algeria,454.2961564,438.5851772,0,423.3195106
Rural land area where elevation is below 5 meters (sq. km),American Samoa,39.26654596,39.26654596,0,38.54148249
Rural land area where elevation is below 5 meters (sq. km),Andorra,0,0,0,0
Rural land area where elevation is below 5 meters (sq. km),Angola,1989.609037,1975.438414,0,1923.218787
Rural land area where elevation is below 5 meters (sq. km),Antigua and Barbuda,71.17865824,70.93551538,0,70.45673174
Rural land area where elevation is below 5 meters (sq. km),Argentina,16920.04528,16854.59512,0,16819.89641
Rural land area where elevation is below 5 meters (sq. km),Armenia,0,0,0,0
Rural land area where elevation is below 5 meters (sq. km),Aruba,12.75838182,11.90243921,0,11.38656615
Rural land area where elevation is below 5 meters (sq. km),Australia,55366.10176,55309.31716,0,55230.12405
Rural land area where elevation is below 5 meters (sq. km),Austria,0,0,0,0
Rural land area where elevation is below 5 meters (sq. km),Azerbaijan,0,0,0,0
Rural land area where elevation is below 5 meters (sq. km),"Bahamas, The",8690.049992,8685.492796,0,8681.292097
Rural land area where elevation is below 5 meters (sq. km),Bahrain,136.4086469,128.0968228,0,117.0994836
Rural land area where elevation is below 5 meters (sq. km),Bangladesh,15854.75928,15196.24032,0,14600.86439
Rural land area where elevation is below 5 meters (sq. km),Barbados,8.375708562,8.070789326,0,7.922131881
Rural land area where elevation is below 5 meters (sq. km),Belarus,0,0,0,0
Rural land area where elevation is below 5 meters (sq. km),Belgium,1201.417392,1174.788181,0,1125.596064
Rural land area where elevation is below 5 meters (sq. km),Belize,2696.588034,2684.44732,0,2676.591839
Rural land area where elevation is below 5 meters (sq. km),Benin,1183.727584,1137.083179,0,1070.035259
Rural land area where elevation is below 5 meters (sq. km),Bermuda,15.22961712,14.72203389,0,11.22351832
Rural land area where elevation is below 5 meters (sq. km),Bhutan,0,0,0,0
Rural land area where elevation is below 5 meters (sq. km),Bolivia,0,0,0,0
Rural land area where elevation is below 5 meters (sq. km),Bosnia and Herzegovina,2.904743163,2.904743163,0,2.904743163
Rural land area where elevation is below 5 meters (sq. km),Botswana,0,0,0,0
Rural land area where elevation is below 5 meters (sq. km),Brazil,70952.52566,70765.70725,0,70563.65052
Rural land area where elevation is below 5 meters (sq. km),British Virgin Islands,67.92347922,66.79630209,0,65.81275971
Rural land area where elevation is below 5 meters (sq. km),Brunei Darussalam,291.907565,288.1489899,0,283.4635481
Rural land area where elevation is below 5 meters (sq. km),Bulgaria,117.1095242,119.1499116,0,116.4977217
Rural land area where elevation is below 5 meters (sq. km),Burkina Faso,0,0,0,0
Rural land area where elevation is below 5 meters (sq. km),Burundi,0,0,0,0
Rural land area where elevation is below 5 meters (sq. km),Cabo Verde,218.6946686,218.4604217,0,217.8995096
Rural land area where elevation is below 5 meters (sq. km),Cambodia,3063.730175,3051.773147,0,3055.824797
Rural land area where elevation is below 5 meters (sq. km),Cameroon,2127.76569,2118.156091,0,2110.164357
Rural land area where elevation is below 5 meters (sq. km),Canada,59319.1403,59298.97115,0,59244.93403
Rural land area where elevation is below 5 meters (sq. km),Cayman Islands,142.7556817,140.6685801,0,135.026594
Rural land area where elevation is below 5 meters (sq. km),Central African Republic,0,0,0,0
Rural land area where elevation is below 5 meters (sq. km),Chad,0,0,0,0
Rural land area where elevation is below 5 meters (sq. km),Channel Islands,0,0,0,0
Rural land area where elevation is below 5 meters (sq. km),Chile,11092.0788,11081.12451,0,11073.47866
Rural land area where elevation is below 5 meters (sq. km),China,54045.83079,48616.03623,0,42639.93987
Rural land area where elevation is below 5 meters (sq. km),Colombia,12744.90508,12733.89488,0,12720.86249
Rural land area where elevation is below 5 meters (sq. km),Comoros,62.03186811,61.33864906,0,56.57864979
Rural land area where elevation is below 5 meters (sq. km),"Congo, Dem. Rep.",628.8573499,627.6248137,0,627.7788878
Rural land area where elevation is below 5 meters (sq. km),"Congo, Rep.",792.7974112,792.1558086,0,791.0904754
Rural land area where elevation is below 5 meters (sq. km),Costa Rica,1483.462285,1480.485864,0,1473.331042
Rural land area where elevation is below 5 meters (sq. km),Cote d'Ivoire,1556.325443,1545.95135,0,1533.436445
Rural land area where elevation is below 5 meters (sq. km),Croatia,840.9376066,844.7750199,0,842.7091616
Rural land area where elevation is below 5 meters (sq. km),Cuba,16295.25829,16289.51495,0,16283.28252
Rural land area where elevation is below 5 meters (sq. km),Curacao,29.17341222,28.71764885,0,27.86895738
Rural land area where elevation is below 5 meters (sq. km),Cyprus,172.2391528,169.9914211,0,166.7479633
Rural land area where elevation is below 5 meters (sq. km),Czechia,0,0,0,0
Rural land area where elevation is below 5 meters (sq. km),Denmark,5382.035614,5358.602562,0,5354.347591
Rural land area where elevation is below 5 meters (sq. km),Djibouti,157.3751827,157.016243,0,153.4741819
Rural land area where elevation is below 5 meters (sq. km),Dominica,21.04534225,20.25107848,0,19.62424216
Rural land area where elevation is below 5 meters (sq. km),Dominican Republic,1128.37428,1114.919924,0,1094.5976
Rural land area where elevation is below 5 meters (sq. km),Ecuador,3169.75607,3148.645925,0,3135.499663
Rural land area where elevation is below 5 meters (sq. km),"Egypt, Arab Rep.",11529.00797,10844.53897,0,10095.76556
Rural land area where elevation is below 5 meters (sq. km),El Salvador,725.9811547,722.0722832,0,719.9979759
Rural land area where elevation is below 5 meters (sq. km),Equatorial Guinea,209.6122295,206.252662,0,203.9476775
Rural land area where elevation is below 5 meters (sq. km),Eritrea,1533.61042,1533.61042,0,1530.755902
Rural land area where elevation is below 5 meters (sq. km),Estonia,1471.407021,1468.418102,0,1463.561962
Rural land area where elevation is below 5 meters (sq. km),Eswatini,0,0,0,0
Rural land area where elevation is below 5 meters (sq. km),Ethiopia,0,0,0,0
Rural land area where elevation is below 5 meters (sq. km),Faroe Islands,38.25000805,38.25000805,0,38.25000805
Rural land area where elevation is below 5 meters (sq. km),Fiji,1562.354353,1561.231314,0,1554.818221
Rural land area where elevation is below 5 meters (sq. km),Finland,3593.875635,3583.4788,0,3584.606025
Rural land area where elevation is below 5 meters (sq. km),France,7546.598593,7495.841325,0,7410.751015
Rural land area where elevation is below 5 meters (sq. km),French Polynesia,1214.041075,1212.797526,0,1211.797395
Rural land area where elevation is below 5 meters (sq. km),Gabon,3744.435541,3743.437064,0,3734.462049
Rural land area where elevation is below 5 meters (sq. km),"Gambia, The",1975.759735,1971.727402,0,1968.997766
Rural land area where elevation is below 5 meters (sq. km),Georgia,913.2986722,911.8188334,0,909.9332345
Rural land area where elevation is below 5 meters (sq. km),Germany,10900.70053,10840.31441,0,10850.45333
Rural land area where elevation is below 5 meters (sq. km),Ghana,1522.876459,1491.45964,0,1412.204665
Rural land area where elevation is below 5 meters (sq. km),Gibraltar,0.04744059,0.04744059,0,0.04744059
Rural land area where elevation is below 5 meters (sq. km),Greece,4303.398316,4280.042742,0,4282.508279
Rural land area where elevation is below 5 meters (sq. km),Greenland,16117.55662,16116.14413,0,16116.14413
Rural land area where elevation is below 5 meters (sq. km),Grenada,23.77158549,21.8515114,0,20.88010736
Rural land area where elevation is below 5 meters (sq. km),Guam,25.59415122,25.30629149,0,25.30629149
Rural land area where elevation is below 5 meters (sq. km),Guatemala,787.7376388,787.0637469,0,780.7418446
Rural land area where elevation is below 5 meters (sq. km),Guinea,3343.739384,3320.80454,0,3296.830617
Rural land area where elevation is below 5 meters (sq. km),Guinea-Bissau,5356.077983,5351.130707,0,5347.64336
Rural land area where elevation is below 5 meters (sq. km),Guyana,10822.25907,10812.28398,0,10814.86887
Rural land area where elevation is below 5 meters (sq. km),Haiti,580.9264029,574.2039953,0,568.7531288
Rural land area where elevation is below 5 meters (sq. km),Honduras,5018.373536,5016.379406,0,4992.845655
Rural land area where elevation is below 5 meters (sq. km),"Hong Kong SAR, China",83.87696526,78.70513835,0,74.95374662
Rural land area where elevation is below 5 meters (sq. km),Hungary,0,0,0,0
Rural land area where elevation is below 5 meters (sq. km),Iceland,1646.903883,1643.767929,0,1642.967483
Rural land area where elevation is below 5 meters (sq. km),India,33650.25211,32918.27947,0,32106.83783
Rural land area where elevation is below 5 meters (sq. km),Indonesia,142252.7978,141399.7633,0,140582.4196
Rural land area where elevation is below 5 meters (sq. km),"Iran, Islamic Rep.",12480.16355,12420.45479,0,12358.52811
Rural land area where elevation is below 5 meters (sq. km),Iraq,12553.5093,12513.29918,0,12446.18428
Rural land area where elevation is below 5 meters (sq. km),Ireland,1373.867377,1366.975907,0,1358.494434
Rural land area where elevation is below 5 meters (sq. km),Isle of Man,20.2383488,20.2383488,0,19.79427671
Rural land area where elevation is below 5 meters (sq. km),Israel,49.07746508,44.78999809,0,37.02352658
Rural land area where elevation is below 5 meters (sq. km),Italy,8837.214813,8807.431306,0,8698.033106
Rural land area where elevation is below 5 meters (sq. km),Jamaica,434.1557558,427.500291,0,413.0347134
Rural land area where elevation is below 5 meters (sq. km),Japan,5653.435784,5532.765461,0,5490.824698
Rural land area where elevation is below 5 meters (sq. km),Jordan,2.787285354,2.787285354,0,2.610057159
Rural land area where elevation is below 5 meters (sq. km),Kazakhstan,0,0,0,0
Rural land area where elevation is below 5 meters (sq. km),Kenya,1582.888887,1579.206611,0,1573.69292
Rural land area where elevation is below 5 meters (sq. km),Kiribati,616.1934485,616.0209415,0,613.181972
Rural land area where elevation is below 5 meters (sq. km),"Korea, Dem. People's Rep.",1898.496557,1874.047679,0,1864.029485
Rural land area where elevation is below 5 meters (sq. km),"Korea, Rep.",2623.448208,2563.674827,0,2520.983331
Rural land area where elevation is below 5 meters (sq. km),Kosovo,0,0,0,0
Rural land area where elevation is below 5 meters (sq. km),Kuwait,1447.095163,1451.437229,0,1417.382366
Rural land area where elevation is below 5 meters (sq. km),Kyrgyz Republic,0,0,0,0
Rural land area where elevation is below 5 meters (sq. km),Lao PDR,0,0,0,0
Rural land area where elevation is below 5 meters (sq. km),Latvia,1094.47132,1095.097723,0,1103.487143
Rural land area where elevation is below 5 meters (sq. km),Lebanon,32.45256217,29.96051816,0,23.91893171
Rural land area where elevation is below 5 meters (sq. km),Lesotho,0,0,0,0
Rural land area where elevation is below 5 meters (sq. km),Liberia,954.6631566,946.2206207,0,937.4533998
Rural land area where elevation is below 5 meters (sq. km),Libya,7579.088412,7555.718858,0,7545.956207
Rural land area where elevation is below 5 meters (sq. km),Liechtenstein,0,0,0,0
Rural land area where elevation is below 5 meters (sq. km),Lithuania,425.310772,426.8374331,0,426.8374331
Rural land area where elevation is below 5 meters (sq. km),Luxembourg,0,0,0,0
Rural land area where elevation is below 5 meters (sq. km),"Macao SAR, China",5.158802408,3.637766753,0,3.571631064
Rural land area where elevation is below 5 meters (sq. km),Madagascar,7376.919845,7363.849771,0,7327.815775
Rural land area where elevation is below 5 meters (sq. km),Malawi,0,0,0,0
Rural land area where elevation is below 5 meters (sq. km),Malaysia,21720.39019,21355.76361,0,20980.59696
Rural land area where elevation is below 5 meters (sq. km),Maldives,210.0320621,209.4966085,0,209.8192697
Rural land area where elevation is below 5 meters (sq. km),Mali,0,0,0,0
Rural land area where elevation is below 5 meters (sq. km),Malta,17.35348581,17.02585411,0,16.46555878
Rural land area where elevation is below 5 meters (sq. km),Marshall Islands,226.309867,224.2288287,0,222.6321906
Rural land area where elevation is below 5 meters (sq. km),Mauritania,11214.10284,11212.33736,0,11205.91064
Rural land area where elevation is below 5 meters (sq. km),Mauritius,59.43852758,58.09387008,0,53.0061413
Rural land area where elevation is below 5 meters (sq. km),Mexico,52091.6135,52030.66735,0,51917.15866
Rural land area where elevation is below 5 meters (sq. km),"Micronesia, Fed. Sts.",153.264791,153.264791,0,152.7885333
Rural land area where elevation is below 5 meters (sq. km),Moldova,0,0,0,0
Rural land area where elevation is below 5 meters (sq. km),Monaco,0.034954518,0.034954518,0,0.034954518
Rural land area where elevation is below 5 meters (sq. km),Mongolia,0,0,0,0
Rural land area where elevation is below 5 meters (sq. km),Montenegro,79.83693295,79.74607191,0,79.56632829
Rural land area where elevation is below 5 meters (sq. km),Morocco,780.7875559,762.5668151,0,738.7000649
Rural land area where elevation is below 5 meters (sq. km),Mozambique,15968.72007,15949.04622,0,15922.19325
Rural land area where elevation is below 5 meters (sq. km),Myanmar,29903.82867,29795.41239,0,29735.43176
Rural land area where elevation is below 5 meters (sq. km),Namibia,1664.490446,1662.029607,0,1661.367687
Rural land area where elevation is below 5 meters (sq. km),Nauru,1.771994381,1.680187358,0,1.680187358
Rural land area where elevation is below 5 meters (sq. km),Nepal,0,0,0,0
Rural land area where elevation is below 5 meters (sq. km),Netherlands,14397.98983,13980.60831,0,13703.95054
Rural land area where elevation is below 5 meters (sq. km),New Caledonia,1012.227641,1012.054012,0,1006.814585
Rural land area where elevation is below 5 meters (sq. km),New Zealand,12513.23192,12500.52817,0,12489.10505
Rural land area where elevation is below 5 meters (sq. km),Nicaragua,7021.993269,7020.043708,0,7015.674629
Rural land area where elevation is below 5 meters (sq. km),Niger,0,0,0,0
Rural land area where elevation is below 5 meters (sq. km),Nigeria,18509.45854,18382.69931,0,18125.3554
Rural land area where elevation is below 5 meters (sq. km),North Macedonia,0,0,0,0
Rural land area where elevation is below 5 meters (sq. km),Northern Mariana Islands,63.3113877,63.1057184,0,63.3113877
Rural land area where elevation is below 5 meters (sq. km),Norway,4811.282631,4807.569956,0,4796.070042
Rural land area where elevation is below 5 meters (sq. km),Oman,2411.344051,2380.682723,0,2324.650457
Rural land area where elevation is below 5 meters (sq. km),Pakistan,11189.22239,11184.20612,0,11172.26666
Rural land area where elevation is below 5 meters (sq. km),Palau,76.08282692,76.08282692,0,76.08282692
Rural land area where elevation is below 5 meters (sq. km),Panama,3314.949723,3307.181455,0,3301.657634
Rural land area where elevation is below 5 meters (sq. km),Papua New Guinea,17734.35287,17729.0433,0,17722.60139
Rural land area where elevation is below 5 meters (sq. km),Paraguay,0,0,0,0
Rural land area where elevation is below 5 meters (sq. km),Peru,3759.548849,3747.439144,0,3737.368441
Rural land area where elevation is below 5 meters (sq. km),Philippines,12570.81021,12445.36831,0,12170.14124
Rural land area where elevation is below 5 meters (sq. km),Poland,3067.829721,3056.346652,0,3041.920693
Rural land area where elevation is below 5 meters (sq. km),Portugal,1440.155122,1429.775894,0,1425.9292
Rural land area where elevation is below 5 meters (sq. km),Puerto Rico,447.6138186,426.6166082,0,426.6140287
Rural land area where elevation is below 5 meters (sq. km),Qatar,1276.008241,1259.746942,0,1200.185141
Rural land area where elevation is below 5 meters (sq. km),Romania,3227.415287,3228.280014,0,3229.317586
Rural land area where elevation is below 5 meters (sq. km),Russian Federation,109238.2131,109217.6117,0,109221.9089
Rural land area where elevation is below 5 meters (sq. km),Rwanda,0,0,0,0
Rural land area where elevation is below 5 meters (sq. km),Samoa,59.30780944,58.99625848,0,57.03276487
Rural land area where elevation is below 5 meters (sq. km),San Marino,0,0,0,0
Rural land area where elevation is below 5 meters (sq. km),Sao Tome and Principe,33.08239685,33.02473293,0,33.03088909
Rural land area where elevation is below 5 meters (sq. km),Saudi Arabia,7037.844142,6989.395534,0,6915.436743
Rural land area where elevation is below 5 meters (sq. km),Senegal,8429.535307,8406.826269,0,8358.354471
Rural land area where elevation is below 5 meters (sq. km),Serbia,0,0,0,0
Rural land area where elevation is below 5 meters (sq. km),Seychelles,124.0255414,123.6642601,0,122.4703671
Rural land area where elevation is below 5 meters (sq. km),Sierra Leone,3796.340772,3793.754814,0,3778.8946
Rural land area where elevation is below 5 meters (sq. km),Singapore,48.61974287,46.12114683,0,43.81504932
Rural land area where elevation is below 5 meters (sq. km),Sint Maarten (Dutch part),4.730326951,4.135197259,0,2.74050817
Rural land area where elevation is below 5 meters (sq. km),Slovak Republic,0,0,0,0
Rural land area where elevation is below 5 meters (sq. km),Slovenia,9.856737831,9.856737831,0,9.086999436
Rural land area where elevation is below 5 meters (sq. km),Solomon Islands,2072.759055,2070.179015,0,2066.619299
Rural land area where elevation is below 5 meters (sq. km),Somalia,1503.792049,1503.792049,0,1502.224389
Rural land area where elevation is below 5 meters (sq. km),South Africa,1326.28921,1312.862537,0,1292.929524
Rural land area where elevation is below 5 meters (sq. km),South Sudan,0,0,0,0
Rural land area where elevation is below 5 meters (sq. km),Spain,3382.098806,3339.678692,0,3273.427072
Rural land area where elevation is below 5 meters (sq. km),Sri Lanka,2012.404962,1991.592772,0,1983.336933
Rural land area where elevation is below 5 meters (sq. km),St. Kitts and Nevis,20.5952676,19.84953136,0,19.84953136
Rural land area where elevation is below 5 meters (sq. km),St. Lucia,24.00011389,22.2996062,0,21.70344066
Rural land area where elevation is below 5 meters (sq. km),St. Martin (French part),10.70518139,8.299013805,0,7.04043323
Rural land area where elevation is below 5 meters (sq. km),St. Vincent and the Grenadines,27.96737583,27.70187215,0,27.59962654
Rural land area where elevation is below 5 meters (sq. km),Sudan,1546.275936,1542.044967,0,1536.248069
Rural land area where elevation is below 5 meters (sq. km),Suriname,9124.17993,9081.255646,0,9026.349888
Rural land area where elevation is below 5 meters (sq. km),Sweden,3885.874616,3876.575675,0,3860.994692
Rural land area where elevation is below 5 meters (sq. km),Switzerland,0,0,0,0
Rural land area where elevation is below 5 meters (sq. km),Syrian Arab Republic,33.07859147,31.02180708,0,31.03567009
Rural land area where elevation is below 5 meters (sq. km),Tajikistan,0,0,0,0
Rural land area where elevation is below 5 meters (sq. km),Tanzania,1513.191098,1504.847293,0,1498.468607
Rural land area where elevation is below 5 meters (sq. km),Thailand,19538.87029,18638.00352,0,17671.41699
Rural land area where elevation is below 5 meters (sq. km),Timor-Leste,230.6783248,228.0491312,0,227.1218001
Rural land area where elevation is below 5 meters (sq. km),Togo,205.3498174,200.6683628,0,198.7614037
Rural land area where elevation is below 5 meters (sq. km),Tonga,121.3865284,122.0725158,0,122.0725158
Rural land area where elevation is below 5 meters (sq. km),Trinidad and Tobago,339.5165546,334.5195755,0,326.2588889
Rural land area where elevation is below 5 meters (sq. km),Tunisia,1989.693795,1964.462532,0,1935.880214
Rural land area where elevation is below 5 meters (sq. km),Turkiye,3937.786432,3850.286199,0,3767.665666
Rural land area where elevation is below 5 meters (sq. km),Turkmenistan,0,0,0,0
Rural land area where elevation is below 5 meters (sq. km),Turks and Caicos Islands,592.2156491,590.5378096,0,588.0930369
Rural land area where elevation is below 5 meters (sq. km),Tuvalu,26.59319629,26.59319629,0,26.59319629
Rural land area where elevation is below 5 meters (sq. km),Uganda,0,0,0,0
Rural land area where elevation is below 5 meters (sq. km),Ukraine,4576.939536,4581.505348,0,4586.953652
Rural land area where elevation is below 5 meters (sq. km),United Arab Emirates,2904.589357,2856.671369,0,2725.864559
Rural land area where elevation is below 5 meters (sq. km),United Kingdom,9039.324628,9022.135589,0,8983.564243
Rural land area where elevation is below 5 meters (sq. km),United States,128423.0682,127920.0875,0,127287.5295
Rural land area where elevation is below 5 meters (sq. km),Uruguay,1034.614321,1025.805116,0,1020.934802
Rural land area where elevation is below 5 meters (sq. km),Uzbekistan,0,0,0,0
Rural land area where elevation is below 5 meters (sq. km),Vanuatu,519.9464907,518.5811033,0,516.7030104
Rural land area where elevation is below 5 meters (sq. km),"Venezuela, RB",13927.43135,13895.97278,0,13855.06904
Rural land area where elevation is below 5 meters (sq. km),Viet Nam,42847.347,41046.98249,0,39976.24479
Rural land area where elevation is below 5 meters (sq. km),Virgin Islands (U.S.),46.63704772,45.58791275,0,44.96148249
Rural land area where elevation is below 5 meters (sq. km),West Bank and Gaza,2.334168082,2.174385926,0,1.440529393
Rural land area where elevation is below 5 meters (sq. km),"Yemen, Rep.",1725.941132,1715.295063,0,1696.423316
Rural land area where elevation is below 5 meters (sq. km),Zambia,0,0,0,0
Rural land area where elevation is below 5 meters (sq. km),Zimbabwe,0,0,0,0
Rural land area where elevation is below 5 meters (sq. km),Arab World,66379.84441,65402.97049,0,64096.28903
Urban land area where elevation is below 5 meters (sq. km),Afghanistan,0,0,0,0
Urban land area where elevation is below 5 meters (sq. km),Albania,52.14093507,60.19737058,0,66.36425243
Urban land area where elevation is below 5 meters (sq. km),Algeria,133.555919,149.2668982,0,164.5325648
Urban land area where elevation is below 5 meters (sq. km),American Samoa,0.776141926,0.776141926,0,1.501205393
Urban land area where elevation is below 5 meters (sq. km),Andorra,0,0,0,0
Urban land area where elevation is below 5 meters (sq. km),Angola,23.73146249,37.90208581,0,90.12171291
Urban land area where elevation is below 5 meters (sq. km),Antigua and Barbuda,2.629028176,2.872171043,0,3.350954684
Urban land area where elevation is below 5 meters (sq. km),Argentina,142.9918083,208.4419672,0,243.1406744
Urban land area where elevation is below 5 meters (sq. km),Armenia,0,0,0,0
Urban land area where elevation is below 5 meters (sq. km),Aruba,6.158499582,7.014442196,0,7.530315255
Urban land area where elevation is below 5 meters (sq. km),Australia,615.9628189,672.7474234,0,751.9405302
Urban land area where elevation is below 5 meters (sq. km),Austria,0,0,0,0
Urban land area where elevation is below 5 meters (sq. km),Azerbaijan,0,0,0,0
Urban land area where elevation is below 5 meters (sq. km),"Bahamas, The",15.60090366,20.15809944,0,24.35879848
Urban land area where elevation is below 5 meters (sq. km),Bahrain,88.73396717,97.04579123,0,108.0431304
Urban land area where elevation is below 5 meters (sq. km),Bangladesh,5770.626538,6429.14549,0,7024.521424
Urban land area where elevation is below 5 meters (sq. km),Barbados,5.711715614,6.016634849,0,6.165292294
Urban land area where elevation is below 5 meters (sq. km),Belarus,0,0,0,0
Urban land area where elevation is below 5 meters (sq. km),Belgium,445.2192032,471.8484146,0,521.0405314
Urban land area where elevation is below 5 meters (sq. km),Belize,21.48124232,33.62195701,0,41.47743809
Urban land area where elevation is below 5 meters (sq. km),Benin,133.3081268,179.9525318,0,247.0004515
Urban land area where elevation is below 5 meters (sq. km),Bermuda,7.16590588,7.673489114,0,11.17200469
Urban land area where elevation is below 5 meters (sq. km),Bhutan,0,0,0,0
Urban land area where elevation is below 5 meters (sq. km),Bolivia,0,0,0,0
Urban land area where elevation is below 5 meters (sq. km),Bosnia and Herzegovina,0,0,0,0
Urban land area where elevation is below 5 meters (sq. km),Botswana,0,0,0,0
Urban land area where elevation is below 5 meters (sq. km),Brazil,1114.868973,1301.687383,0,1503.744114
Urban land area where elevation is below 5 meters (sq. km),British Virgin Islands,0,1.127177129,0,2.110719514
Urban land area where elevation is below 5 meters (sq. km),Brunei Darussalam,25.58936314,29.34793818,0,34.03337995
Urban land area where elevation is below 5 meters (sq. km),Bulgaria,36.9288821,34.88849476,0,37.54068463
Urban land area where elevation is below 5 meters (sq. km),Burkina Faso,0,0,0,0
Urban land area where elevation is below 5 meters (sq. km),Burundi,0,0,0,0
Urban land area where elevation is below 5 meters (sq. km),Cabo Verde,3.920538647,4.154785505,0,4.715697661
Urban land area where elevation is below 5 meters (sq. km),Cambodia,25.17034305,37.12737152,0,33.07572109
Urban land area where elevation is below 5 meters (sq. km),Cameroon,32.68269931,42.29229819,0,50.2840324
Urban land area where elevation is below 5 meters (sq. km),Canada,216.4242156,236.5933672,0,290.6304929
Urban land area where elevation is below 5 meters (sq. km),Cayman Islands,3.240845499,5.327947126,0,10.96993315
Urban land area where elevation is below 5 meters (sq. km),Central African Republic,0,0,0,0
Urban land area where elevation is below 5 meters (sq. km),Chad,0,0,0,0
Urban land area where elevation is below 5 meters (sq. km),Channel Islands,0,0,0,0
Urban land area where elevation is below 5 meters (sq. km),Chile,47.94046015,58.89475096,0,66.54060089
Urban land area where elevation is below 5 meters (sq. km),China,21583.90939,27013.70395,0,32989.80031
Urban land area where elevation is below 5 meters (sq. km),Colombia,106.3236704,117.333869,0,130.3662606
Urban land area where elevation is below 5 meters (sq. km),Comoros,5.413711532,6.106930581,0,10.86692984
Urban land area where elevation is below 5 meters (sq. km),"Congo, Dem. Rep.",1.683458013,2.91599421,0,2.761920167
Urban land area where elevation is below 5 meters (sq. km),"Congo, Rep.",5.514429186,6.156031739,0,7.221364949
Urban land area where elevation is below 5 meters (sq. km),Costa Rica,16.8714676,19.84788874,0,27.00271
Urban land area where elevation is below 5 meters (sq. km),Cote d'Ivoire,89.82223878,100.1963309,0,112.7112359
Urban land area where elevation is below 5 meters (sq. km),Croatia,67.48296037,63.645547,0,65.71140533
Urban land area where elevation is below 5 meters (sq. km),Cuba,92.96361301,98.70694686,0,104.9393829
Urban land area where elevation is below 5 meters (sq. km),Curacao,2.410272441,2.866035816,0,3.714727282
Urban land area where elevation is below 5 meters (sq. km),Cyprus,25.15097458,27.39870624,0,30.64216404
Urban land area where elevation is below 5 meters (sq. km),Czechia,0,0,0,0
Urban land area where elevation is below 5 meters (sq. km),Denmark,327.97535,351.4084018,0,355.6633732
Urban land area where elevation is below 5 meters (sq. km),Djibouti,4.49070539,4.849645112,0,8.391706199
Urban land area where elevation is below 5 meters (sq. km),Dominica,1.619733651,2.41399742,0,3.040833745
Urban land area where elevation is below 5 meters (sq. km),Dominican Republic,36.07064602,49.52500285,0,69.84732603
Urban land area where elevation is below 5 meters (sq. km),Ecuador,115.3261556,136.4363004,0,149.5825623
Urban land area where elevation is below 5 meters (sq. km),"Egypt, Arab Rep.",3386.668117,4071.137121,0,4819.910526
Urban land area where elevation is below 5 meters (sq. km),El Salvador,8.854066038,12.76293753,0,14.83724486
Urban land area where elevation is below 5 meters (sq. km),Equatorial Guinea,11.07970852,14.43927602,0,16.74426054
Urban land area where elevation is below 5 meters (sq. km),Eritrea,5.535688711,5.535688711,0,8.390206492
Urban land area where elevation is below 5 meters (sq. km),Estonia,13.09234407,16.08126267,0,20.93740332
Urban land area where elevation is below 5 meters (sq. km),Eswatini,0,0,0,0
Urban land area where elevation is below 5 meters (sq. km),Ethiopia,0,0,0,0
Urban land area where elevation is below 5 meters (sq. km),Faroe Islands,0,0,0,0
Urban land area where elevation is below 5 meters (sq. km),Fiji,14.34507417,15.46811317,0,21.88120637
Urban land area where elevation is below 5 meters (sq. km),Finland,116.5198239,126.9166595,0,125.7894348
Urban land area where elevation is below 5 meters (sq. km),France,599.9012563,650.6585239,0,735.7488345
Urban land area where elevation is below 5 meters (sq. km),French Polynesia,8.639340718,9.882890137,0,10.88302111
Urban land area where elevation is below 5 meters (sq. km),Gabon,26.94554318,27.94402014,0,36.9190352
Urban land area where elevation is below 5 meters (sq. km),"Gambia, The",17.89117083,21.92350376,0,24.65313923
Urban land area where elevation is below 5 meters (sq. km),Georgia,52.79291596,54.27275472,0,56.15835367
Urban land area where elevation is below 5 meters (sq. km),Germany,801.9468469,862.3329689,0,852.1940486
Urban land area where elevation is below 5 meters (sq. km),Ghana,175.8947322,207.3115517,0,286.5665265
Urban land area where elevation is below 5 meters (sq. km),Gibraltar,3.504326293,3.504326293,0,3.504326293
Urban land area where elevation is below 5 meters (sq. km),Greece,188.4367708,211.7923441,0,209.3268075
Urban land area where elevation is below 5 meters (sq. km),Greenland,0.912475599,2.324963924,0,2.324963924
Urban land area where elevation is below 5 meters (sq. km),Grenada,4.36290657,6.282980662,0,7.254384695
Urban land area where elevation is below 5 meters (sq. km),Guam,1.63600806,1.923867792,0,1.923867792
Urban land area where elevation is below 5 meters (sq. km),Guatemala,6.630123146,7.304015081,0,13.62591741
Urban land area where elevation is below 5 meters (sq. km),Guinea,40.22126917,63.15611259,0,87.13003559
Urban land area where elevation is below 5 meters (sq. km),Guinea-Bissau,16.70140965,21.64868599,0,25.13603306
Urban land area where elevation is below 5 meters (sq. km),Guyana,140.5066748,150.4817672,0,147.8968749
Urban land area where elevation is below 5 meters (sq. km),Haiti,51.56409125,58.28649886,0,63.73736542
Urban land area where elevation is below 5 meters (sq. km),Honduras,14.94221388,16.93634436,0,40.47009572
Urban land area where elevation is below 5 meters (sq. km),"Hong Kong SAR, China",63.56971053,68.74153744,0,72.49292916
Urban land area where elevation is below 5 meters (sq. km),Hungary,0,0,0,0
Urban land area where elevation is below 5 meters (sq. km),Iceland,8.104709962,11.24066394,0,12.04111041
Urban land area where elevation is below 5 meters (sq. km),India,5466.032927,6198.005573,0,7009.447209
Urban land area where elevation is below 5 meters (sq. km),Indonesia,3358.783886,4211.818355,0,5029.162043
Urban land area where elevation is below 5 meters (sq. km),"Iran, Islamic Rep.",138.0847473,197.7935076,0,259.720183
Urban land area where elevation is below 5 meters (sq. km),Iraq,143.9369965,184.1471116,0,251.2620103
Urban land area where elevation is below 5 meters (sq. km),Ireland,41.82249232,48.7139622,0,57.19543487
Urban land area where elevation is below 5 meters (sq. km),Isle of Man,1.795903218,1.795903218,0,2.239975303
Urban land area where elevation is below 5 meters (sq. km),Israel,59.17947544,63.46694243,0,71.23341394
Urban land area where elevation is below 5 meters (sq. km),Italy,941.8773425,971.6608489,0,1081.059049
Urban land area where elevation is below 5 meters (sq. km),Jamaica,95.57083344,102.2262982,0,116.6918758
Urban land area where elevation is below 5 meters (sq. km),Japan,6396.187329,6516.857652,0,6558.798416
Urban land area where elevation is below 5 meters (sq. km),Jordan,1.003558741,1.003558741,0,1.180786935
Urban land area where elevation is below 5 meters (sq. km),Kazakhstan,0,0,0,0
Urban land area where elevation is below 5 meters (sq. km),Kenya,19.63385355,23.31612939,0,28.82982061
Urban land area where elevation is below 5 meters (sq. km),Kiribati,0.695768778,0.868275721,0,3.707245206
Urban land area where elevation is below 5 meters (sq. km),"Korea, Dem. People's Rep.",132.3751755,156.8240536,0,166.8422478
Urban land area where elevation is below 5 meters (sq. km),"Korea, Rep.",335.4885505,395.2619322,0,437.9534275
Urban land area where elevation is below 5 meters (sq. km),Kosovo,0,0,0,0
Urban land area where elevation is below 5 meters (sq. km),Kuwait,49.61265174,45.27058548,0,79.32544898
Urban land area where elevation is below 5 meters (sq. km),Kyrgyz Republic,0,0,0,0
Urban land area where elevation is below 5 meters (sq. km),Lao PDR,0,0,0,0
Urban land area where elevation is below 5 meters (sq. km),Latvia,100.3547873,99.72838382,0,91.33896344
Urban land area where elevation is below 5 meters (sq. km),Lebanon,32.50962046,35.00166447,0,41.04325092
Urban land area where elevation is below 5 meters (sq. km),Lesotho,0,0,0,0
Urban land area where elevation is below 5 meters (sq. km),Liberia,107.235728,115.678264,0,124.4454848
Urban land area where elevation is below 5 meters (sq. km),Libya,204.630355,227.9999087,0,237.7625592
Urban land area where elevation is below 5 meters (sq. km),Liechtenstein,0,0,0,0
Urban land area where elevation is below 5 meters (sq. km),Lithuania,19.18518516,17.65852401,0,17.65852401
Urban land area where elevation is below 5 meters (sq. km),Luxembourg,0,0,0,0
Urban land area where elevation is below 5 meters (sq. km),"Macao SAR, China",6.719870529,8.240906184,0,8.307041873
Urban land area where elevation is below 5 meters (sq. km),Madagascar,56.92167262,69.99174733,0,106.0257427
Urban land area where elevation is below 5 meters (sq. km),Malawi,0,0,0,0
Urban land area where elevation is below 5 meters (sq. km),Malaysia,990.9603149,1355.586894,0,1730.753545
Urban land area where elevation is below 5 meters (sq. km),Maldives,10.49896217,11.03441578,0,10.71175456
Urban land area where elevation is below 5 meters (sq. km),Mali,0,0,0,0
Urban land area where elevation is below 5 meters (sq. km),Malta,5.662391633,5.990023326,0,6.55031866
Urban land area where elevation is below 5 meters (sq. km),Marshall Islands,2.870206113,4.951244403,0,6.547882566
Urban land area where elevation is below 5 meters (sq. km),Mauritania,106.9448495,108.7103264,0,115.1370511
Urban land area where elevation is below 5 meters (sq. km),Mauritius,10.9695781,12.3142356,0,17.40196438
Urban land area where elevation is below 5 meters (sq. km),Mexico,251.3193439,312.2654886,0,425.7741831
Urban land area where elevation is below 5 meters (sq. km),"Micronesia, Fed. Sts.",1.982342678,1.982342678,0,2.458600297
Urban land area where elevation is below 5 meters (sq. km),Moldova,0,0,0,0
Urban land area where elevation is below 5 meters (sq. km),Monaco,0.557903758,0.557903758,0,0.557903758
Urban land area where elevation is below 5 meters (sq. km),Mongolia,0,0,0,0
Urban land area where elevation is below 5 meters (sq. km),Montenegro,14.47712027,14.56798131,0,14.74772493
Urban land area where elevation is below 5 meters (sq. km),Morocco,114.2450231,132.4657639,0,156.3325141
Urban land area where elevation is below 5 meters (sq. km),Mozambique,80.28483074,99.95867139,0,126.8116486
Urban land area where elevation is below 5 meters (sq. km),Myanmar,197.5513646,305.9676481,0,365.9482746
Urban land area where elevation is below 5 meters (sq. km),Namibia,0.326425135,2.787264854,0,3.449184296
Urban land area where elevation is below 5 meters (sq. km),Nauru,1.205860302,1.297667325,0,1.297667325
Urban land area where elevation is below 5 meters (sq. km),Nepal,0,0,0,0
Urban land area where elevation is below 5 meters (sq. km),Netherlands,3562.815379,3980.196897,0,4256.854669
Urban land area where elevation is below 5 meters (sq. km),New Caledonia,6.728206486,6.901835514,0,12.14126249
Urban land area where elevation is below 5 meters (sq. km),New Zealand,94.23905312,106.9428108,0,118.3659219
Urban land area where elevation is below 5 meters (sq. km),Nicaragua,8.327645883,10.2772065,0,14.6462856
Urban land area where elevation is below 5 meters (sq. km),Niger,0,0,0,0
Urban land area where elevation is below 5 meters (sq. km),Nigeria,605.2039776,731.9632117,0,989.307117
Urban land area where elevation is below 5 meters (sq. km),North Macedonia,0,0,0,0
Urban land area where elevation is below 5 meters (sq. km),Northern Mariana Islands,1.45727218,1.662941483,0,1.45727218
Urban land area where elevation is below 5 meters (sq. km),Norway,115.8100041,119.5226793,0,131.0225932
Urban land area where elevation is below 5 meters (sq. km),Oman,55.20591228,85.86724015,0,141.8995062
Urban land area where elevation is below 5 meters (sq. km),Pakistan,53.02969879,58.04596538,0,69.98542856
Urban land area where elevation is below 5 meters (sq. km),Palau,1.744300919,1.744300919,0,1.744300919
Urban land area where elevation is below 5 meters (sq. km),Panama,39.19995197,46.96821989,0,52.49204084
Urban land area where elevation is below 5 meters (sq. km),Papua New Guinea,35.70234318,41.01190708,0,47.4538213
Urban land area where elevation is below 5 meters (sq. km),Paraguay,0,0,0,0
Urban land area where elevation is below 5 meters (sq. km),Peru,36.38672456,48.49642924,0,58.56713189
Urban land area where elevation is below 5 meters (sq. km),Philippines,1110.783129,1236.225031,0,1511.452096
Urban land area where elevation is below 5 meters (sq. km),Poland,196.1285349,207.611604,0,222.0375637
Urban land area where elevation is below 5 meters (sq. km),Portugal,107.6351472,118.0143753,0,121.8610688
Urban land area where elevation is below 5 meters (sq. km),Puerto Rico,157.0188804,178.0160908,0,178.0186703
Urban land area where elevation is below 5 meters (sq. km),Qatar,26.40451478,42.66581385,0,102.2276143
Urban land area where elevation is below 5 meters (sq. km),Romania,28.61030666,27.74557903,0,26.70800738
Urban land area where elevation is below 5 meters (sq. km),Russian Federation,564.6920862,585.293524,0,580.9963302
Urban land area where elevation is below 5 meters (sq. km),Rwanda,0,0,0,0
Urban land area where elevation is below 5 meters (sq. km),Samoa,1.224183865,1.535734821,0,3.49922843
Urban land area where elevation is below 5 meters (sq. km),San Marino,0,0,0,0
Urban land area where elevation is below 5 meters (sq. km),Sao Tome and Principe,1.081380599,1.139044521,0,1.132888366
Urban land area where elevation is below 5 meters (sq. km),Saudi Arabia,257.0764861,305.5250946,0,379.483885
Urban land area where elevation is below 5 meters (sq. km),Senegal,94.18378786,116.8928264,0,165.3646243
Urban land area where elevation is below 5 meters (sq. km),Serbia,0,0,0,0
Urban land area where elevation is below 5 meters (sq. km),Seychelles,3.244108206,3.605389478,0,4.799282489
Urban land area where elevation is below 5 meters (sq. km),Sierra Leone,21.29196994,23.87792726,0,38.73814136
Urban land area where elevation is below 5 meters (sq. km),Singapore,16.19006223,18.68865827,0,20.99475578
Urban land area where elevation is below 5 meters (sq. km),Sint Maarten (Dutch part),1.813560947,2.40869064,0,3.803379728
Urban land area where elevation is below 5 meters (sq. km),Slovak Republic,0,0,0,0
Urban land area where elevation is below 5 meters (sq. km),Slovenia,11.6530759,11.6530759,0,12.42281429
Urban land area where elevation is below 5 meters (sq. km),Solomon Islands,1.425036889,4.00507671,0,7.564792941
Urban land area where elevation is below 5 meters (sq. km),Somalia,26.32732296,26.32732296,0,27.89498346
Urban land area where elevation is below 5 meters (sq. km),South Africa,65.83445526,79.26112808,0,99.19414135
Urban land area where elevation is below 5 meters (sq. km),South Sudan,0,0,0,0
Urban land area where elevation is below 5 meters (sq. km),Spain,735.6101051,778.0302192,0,844.2818395
Urban land area where elevation is below 5 meters (sq. km),Sri Lanka,247.8605941,268.672784,0,276.928623
Urban land area where elevation is below 5 meters (sq. km),St. Kitts and Nevis,0.954649469,1.700385709,0,1.700385709
Urban land area where elevation is below 5 meters (sq. km),St. Lucia,4.522355994,6.222863686,0,6.819029217
Urban land area where elevation is below 5 meters (sq. km),St. Martin (French part),2.627713252,5.033880837,0,6.292461413
Urban land area where elevation is below 5 meters (sq. km),St. Vincent and the Grenadines,3.24510117,3.510604849,0,3.612850463
Urban land area where elevation is below 5 meters (sq. km),Sudan,12.68690345,16.91787254,0,22.71477096
Urban land area where elevation is below 5 meters (sq. km),Suriname,109.2535034,152.1777873,0,207.0835454
Urban land area where elevation is below 5 meters (sq. km),Sweden,249.5180214,258.8169621,0,274.3979452
Urban land area where elevation is below 5 meters (sq. km),Switzerland,0,0,0,0
Urban land area where elevation is below 5 meters (sq. km),Syrian Arab Republic,24.40280427,26.45958866,0,26.44572565
Urban land area where elevation is below 5 meters (sq. km),Tajikistan,0,0,0,0
Urban land area where elevation is below 5 meters (sq. km),Tanzania,23.6107219,31.95452654,0,38.33321249
Urban land area where elevation is below 5 meters (sq. km),Thailand,2139.59065,3040.457421,0,4007.043955
Urban land area where elevation is below 5 meters (sq. km),Timor-Leste,2.935543542,5.564737185,0,6.49206826
Urban land area where elevation is below 5 meters (sq. km),Togo,29.38147509,34.06292973,0,35.96988883
Urban land area where elevation is below 5 meters (sq. km),Tonga,6.886431116,6.200443706,0,6.200443706
Urban land area where elevation is below 5 meters (sq. km),Trinidad and Tobago,38.27411569,43.27109477,0,51.53178138
Urban land area where elevation is below 5 meters (sq. km),Tunisia,274.2691712,299.5004341,0,328.082752
Urban land area where elevation is below 5 meters (sq. km),Turkiye,473.3235925,560.8238255,0,643.4443587
Urban land area where elevation is below 5 meters (sq. km),Turkmenistan,0,0,0,0
Urban land area where elevation is below 5 meters (sq. km),Turks and Caicos Islands,0,1.677839508,0,4.122612208
Urban land area where elevation is below 5 meters (sq. km),Tuvalu,0,0,0,0
Urban land area where elevation is below 5 meters (sq. km),Uganda,0,0,0,0
Urban land area where elevation is below 5 meters (sq. km),Ukraine,232.7954067,228.2295942,0,222.7812905
Urban land area where elevation is below 5 meters (sq. km),United Arab Emirates,350.2673733,398.1853614,0,528.9921712
Urban land area where elevation is below 5 meters (sq. km),United Kingdom,770.0345967,787.2236359,0,825.7949816
Urban land area where elevation is below 5 meters (sq. km),United States,3868.453742,4371.434474,0,5003.992407
Urban land area where elevation is below 5 meters (sq. km),Uruguay,38.0861924,46.8953967,0,51.76571135
Urban land area where elevation is below 5 meters (sq. km),Uzbekistan,0,0,0,0
Urban land area where elevation is below 5 meters (sq. km),Vanuatu,1.270902347,2.636289792,0,4.514382629
Urban land area where elevation is below 5 meters (sq. km),"Venezuela, RB",255.983323,287.4418962,0,328.3456366
Urban land area where elevation is below 5 meters (sq. km),Viet Nam,9167.286098,10967.65061,0,12038.38831
Urban land area where elevation is below 5 meters (sq. km),Virgin Islands (U.S.),5.765510833,6.814645801,0,7.441076057
Urban land area where elevation is below 5 meters (sq. km),West Bank and Gaza,6.522872646,6.682654802,0,7.416511335
Urban land area where elevation is below 5 meters (sq. km),"Yemen, Rep.",24.71369731,35.35976695,0,54.23151339
Urban land area where elevation is below 5 meters (sq. km),Arab World,5329.622533,6306.496455,0,7613.177913
Urban population,Afghanistan,2264837,4314700,7360701,8371880
Urban population,Albania,1197222,1289391,1575788,1654503
Urban population,Algeria,13291089,18439845,25678117,28015534
Urban population,American Samoa,38708,51584,46937,44812
Urban population,Andorra,50736,61070,62940,63384
Urban population,Angola,4393629,8211294,15432363,17845914
Urban population,Antigua and Barbuda,22435,24113,22380,22485
Urban population,Argentina,28389540,33045629,38027774,39467043
Urban population,Armenia,2397854,2048957,1843080,1815962
Urban population,Aruba,33066,41625,43864,44943
Urban population,Australia,14579251,16028911,19414834,20410546
Urban population,Austria,4833974,4824004,4817487,4988134
Urban population,Azerbaijan,3856598,4135854,5008847,5279540
Urban population,"Bahamas, The",216105,266534,315323,324941
Urban population,Bahrain,456052,628716,1087280,1212293
Urban population,Bangladesh,21227021,30476706,48658361,54148316
Urban population,Barbados,96739,89526,87148,86898
Urban population,Belarus,6723034,6983033,7150971,7302153
Urban population,Belgium,9606261,9956937,10856360,11034732
Urban population,Belize,86666,109140,152506,163403
Urban population,Benin,1770260,2682552,4418712,4995735
Urban population,Bermuda,59326,61833,64798,65237
Urban population,Bhutan,91517,149256,262288,287484
Urban population,Bolivia,3943852,5309144,7114992,7584842
Urban population,Bosnia and Herzegovina,1763972,1771376,1697524,1662529
Urban population,Botswana,562520,919084,1408979,1548038
Urban population,Brazil,111405219,142795391,169827068,175989923
Urban population,British Virgin Islands,5905,8398,12932,13680
Urban population,Brunei Darussalam,174020,237635,307643,323086
Urban population,Bulgaria,5786939,5629167,5331472,5310996
Urban population,Burkina Faso,1261498,2120383,4409695,5153071
Urban population,Burundi,343889,520130,1096506,1295625
Urban population,Cabo Verde,160845,244866,335379,355043
Urban population,Cambodia,1385274,2252408,3110665,3420840
Urban population,Cameroon,4533001,6873014,11098737,12559842
Urban population,Canada,21206427,24388404,28166078,29011826
Urban population,Cayman Islands,26027,39658,56860,60911
Urban population,Central African Republic,1034496,1414914,1880110,1941083
Urban population,Chad,1212671,1787029,2824191,3183683
Urban population,Channel Islands,44137,44267,49266,50217
Urban population,Chile,11110740,13213754,15120117,15611340
Urban population,China,300165618,452999147,700996454,765822300
Urban population,Colombia,22651774,29002337,36031220,37584580
Urban population,Comoros,120149,150722,192517,207892
Urban population,"Congo, Dem. Rep.",11024063,17075023,29167345,33617961
Urban population,"Congo, Rep.",1295864,1839519,3024450,3319351
Urban population,Costa Rica,1579221,2349793,3502521,3762581
Urban population,Cote d'Ivoire,4686202,7249898,10603000,11667173
Urban population,Croatia,2438225,2387324,2368751,2360534
Urban population,Cuba,7796158,8365215,8683386,8719925
Urban population,Curacao,123122,121481,136353,141158
Urban population,Cyprus,526529,650946,777911,794836
Urban population,Czechia,7772750,7587516,7693579,7748928
Urban population,Denmark,4361727,4544013,4872608,4974525
Urban population,Djibouti,438403,567893,736126,779016
Urban population,Dominica,43828,44606,47316,48710
Urban population,Dominican Republic,3937064,5274195,7603609,8175446
Urban population,Ecuador,5756815,7613657,9752988,10267878
Urban population,"Egypt, Arab Rep.",24875777,30544806,39184092,41811127
Urban population,El Salvador,2644624,3510261,4139585,4343053
Urban population,Equatorial Guinea,161755,336269,823609,951178
Urban population,Eritrea,406450,636195,1183034,1276083
Urban population,Estonia,1117738,969061,899089,899949
Urban population,Eswatini,172527,233778,253954,264207
Urban population,Ethiopia,6042692,9880497,17152352,19908240
Urban population,Faroe Islands,14526,16591,19950,20326
Urban population,Fiji,324745,398838,484647,501947
Urban population,Finland,3957581,4253964,4593267,4669930
Urban population,France,42985584,46221663,51793062,53009026
Urban population,French Polynesia,122119,140637,176132,179983
Urban population,Gabon,679695,1004078,1591211,1787489
Urban population,"Gambia, The",398681,688121,1176942,1334486
Urban population,Georgia,2642925,2146120,2099468,2140097
Urban population,Germany,58079842,61629857,62064608,63062064
Urban population,Ghana,5629035,8638858,13986163,15615136
Urban population,Gibraltar,27317,27741,32160,32520
Urban population,Greece,7287341,7857551,8505100,8445266
Urban population,Greenland,44312,45859,48402,48298
Urban population,Grenada,33108,38351,41576,42829
Urban population,Guam,125537,149181,156869,158796
Urban population,Guatemala,3800324,5253870,7243152,7779195
Urban population,Guinea,1780813,2573538,3695666,4085492
Urban population,Guinea-Bissau,300146,446097,676093,753546
Urban population,Guyana,221019,217802,196407,199638
Urban population,Haiti,1974412,2976240,5001402,5538261
Urban population,Honduras,2044538,3026014,4677715,5127314
Urban population,"Hong Kong SAR, China",5676947,6665000,7150100,7291300
Urban population,Hungary,6830026,6593735,6912310,6939335
Urban population,Iceland,231255,259836,300190,309974
Urban population,India,222374415,293168849,403171286,433595954
Urban population,Indonesia,55711776,89914698,128304189,138129702
Urban population,"Iran, Islamic Rep.",31428551,41975934,55484160,60000125
Urban population,Iraq,12308951,16869783,23512763,26400640
Urban population,Ireland,2000470,2250951,2849043,2940510
Urban population,Isle of Man,35635,39158,43895,43673
Urban population,Israel,4210729,5735757,7274496,7724692
Urban population,Italy,37846480,38277624,40894259,42247229
Urban population,Jamaica,1182715,1353488,1493944,1532278
Urban population,Japan,95496650,99760751,116331281,116182717
Urban population,Jordan,2550957,3957467,6359781,8569127
Urban population,Kazakhstan,9198366,8349417,9566957,10032906
Urban population,Kenya,3879217,6137001,10658602,12021155
Urban population,Kiribati,26284,38158,54784,60243
Urban population,"Korea, Dem. People's Rep.",12143594,13882837,15116334,15477354
Urban population,"Korea, Rep.",31656393,37428328,41089082,41645542
Urban population,Kuwait,1641004,1915552,3394663,3908743
Urban population,Kyrgyz Republic,1658864,1729037,1986238,2131200
Urban population,Lao PDR,666021,1193539,2034912,2247179
Urban population,Latvia,1844232,1611520,1381242,1344323
Urban population,Lebanon,2987083,3715752,4538087,5637850
Urban population,Lesotho,251266,390692,528145,570052
Urban population,Liberia,1224677,1283482,2104489,2297862
Urban population,Libya,3208371,3937589,4608552,4908585
Urban population,Liechtenstein,4869,4997,5245,5343
Urban population,Lithuania,2499110,2344199,1997745,1952971
Urban population,Luxembourg,309096,367434,473864,513663
Urban population,"Macao SAR, China",349397,431896,582766,615239
Urban population,Madagascar,2800292,4398058,7630993,8745781
Urban population,Malawi,1102785,1640613,2463707,2763250
Urban population,Malaysia,8722442,14220716,21436918,23057113
Urban population,Maldives,58129,78271,144424,167825
Urban population,Mali,2086159,3186959,6209357,7243533
Urban population,Malta,320102,360316,395713,420192
Urban population,Marshall Islands,29955,37187,38890,37458
Urban population,Mauritania,788830,1026554,1759879,2016084
Urban population,Mauritius,464802,506439,519081,517780
Urban population,Mexico,58363912,73132993,90758420,95260846
Urban population,"Micronesia, Fed. Sts.",25457,24945,24162,24581
Urban population,Moldova,1386951,1304080,1217297,1205007
Urban population,Monaco,30329,32465,34700,36760
Urban population,Mongolia,1232730,1400318,1899635,2022848
Urban population,Montenegro,291283,354162,402174,409418
Urban population,Morocco,11890063,15229497,19725140,21088840
Urban population,Mozambique,3325865,5170280,8043201,9234077
Urban population,Myanmar,10122330,12306734,14696854,15372077
Urban population,Namibia,378614,588911,947033,1070588
Urban population,Nauru,9598,10377,10444,11185
Urban population,Nepal,1736848,3290236,4771393,5123648
Urban population,Netherlands,10269295,12229998,14842886,15275237
Urban population,New Caledonia,101816,132030,176182,186949
Urban population,New Zealand,2821739,3318432,3798063,3979802
Urban population,Nicaragua,2243915,2827250,3456081,3646573
Urban population,Niger,1286401,1881245,2910768,3270216
Urban population,Nigeria,28259591,42801631,76952556,88019904
Urban population,North Macedonia,1181308,1186387,1177371,1188475
Urban population,Northern Mariana Islands,43073,72426,47703,47062
Urban population,Norway,3051994,3414033,4008535,4207493
Urban population,Oman,1192826,1677758,2742336,3410010
Urban population,Pakistan,35289006,50914288,71597051,76003799
Urban population,Palau,10643,13875,13674,13908
Urban population,Panama,1320606,1867017,2468484,2639227
Urban population,Papua New Guinea,579514,727316,1042006,1129724
Urban population,Paraguay,1976584,2835060,3548485,3753105
Urban population,Peru,15233390,19468935,22848874,23757776
Urban population,Philippines,28924064,35966026,44812533,47687037
Urban population,Poland,23350476,23611695,23086831,22897449
Urban population,Portugal,4783459,5597602,6494283,6578828
Urban population,Puerto Rico,3287359,3596716,3406460,3251779
Urban population,Qatar,409813,622108,1880829,2389099
Urban population,Romania,12347321,11895672,10826124,10678041
Urban population,Russian Federation,108600667,107528803,105669982,106703732
Urban population,Rwanda,396449,1210497,1836678,1979769
Urban population,Samoa,35655,40439,38880,38503
Urban population,San Marino,20911,25063,31863,32475
Urban population,Sao Tome and Principe,52527,76778,127553,141137
Urban population,Saudi Arabia,12256928,17205160,25433937,27241324
Urban population,Senegal,2931203,3912769,5901794,6584032
Urban population,Serbia,3822813,3966301,3985121,3951845
Urban population,Seychelles,34246,40917,47790,51754
Urban population,Sierra Leone,1438278,1633120,2691132,2986549
Urban population,Singapore,3047132,4027887,5312437,5535002
Urban population,Sint Maarten (Dutch part),27845,30519,34640,38825
Urban population,Slovak Republic,2993564,3030239,2935234,2922832
Urban population,Slovenia,1006873,1009459,1092516,1109788
Urban population,Solomon Islands,44337,67992,119060,136991
Urban population,Somalia,2075792,2899625,5169951,5952201
Urban population,South Africa,20751091,26632535,33625925,36223620
Urban population,South Sudan,630718,1009127,1949511,2110349
Urban population,Spain,29286916,30937864,36904876,36971015
Urban population,Sri Lanka,3188779,3451097,3824280,3895227
Urban population,St. Kitts and Nevis,14064,14901,14825,14732
Urban population,St. Lucia,41764,44300,31941,32517
Urban population,St. Vincent and the Grenadines,46580,51428,53776,54267
Urban population,Sudan,6034102,8545786,11724384,12937739
Urban population,Suriname,271205,318265,369514,380136
Urban population,Sweden,7112392,7454878,8150488,8481489
Urban population,Switzerland,4964515,5272018,5889928,6105617
Urban population,Syrian Arab Republic,6071846,8471337,12106417,10018957
Urban population,Tajikistan,1715186,1662407,2112022,2279505
Urban population,Tanzania,4948743,7688508,14093565,16612464
Urban population,Thailand,16250407,19794084,31428409,33526210
Urban population,Timor-Leste,158004,213116,323419,355594
Urban population,Togo,1108094,1647994,2669941,2996765
Urban population,Tonga,22415,23611,25193,24700
Urban population,Trinidad and Tobago,685490,744768,767698,778552
Urban population,Tunisia,4890656,6275528,7511197,7865762
Urban population,Turkiye,32161522,41507751,54180184,58628348
Urban population,Turkmenistan,1676915,2097826,2684307,2901495
Urban population,Turks and Caicos Islands,8705,15848,29223,33686
Urban population,Tuvalu,3733,4435,6167,6497
Urban population,Uganda,1947895,3551700,6999978,8267505
Urban population,Ukraine,34641142,33019561,31360012,31183829
Urban population,United Arab Emirates,1502088,2627996,7343475,7639464
Urban population,United Kingdom,44733264,46319551,52130345,53802927
Urban population,United States,187966119,223069137,254614421,261950744
Urban population,Uruguay,2773299,3029768,3193778,3234208
Urban population,Uzbekistan,8483962,11370244,15199882,15884192
Urban population,Vanuatu,28238,41628,63456,69002
Urban population,"Venezuela, RB",16646578,21388675,25970224,26913166
Urban population,Viet Nam,13554488,19255738,28354957,31168990
Urban population,Virgin Islands (U.S.),91160,100587,102691,102703
Urban population,West Bank and Gaza,1339452,2103044,2969835,3218283
Urban population,"Yemen, Rep.",2799547,4893201,8642705,9917199
Urban population,Zambia,3028980,3442313,5950059,6809146
Urban population,Zimbabwe,2931815,3995150,4355539,4584076
Urban population,Arab World,113129779,152305719,216302063,235145769